chr.exposure,pos.exposure,beta.exposure,se.exposure,pval.exposure,samplesize.exposure,id.exposure,SNP,effect_allele.exposure,other_allele.exposure,eaf.exposure,exposure,mr_keep.exposure,pval_origin.exposure,data_source.exposure
1,173848808,-0.0135848,0.0023684,9.78003e-09,532042,ieu-b-73,rs28680958,A,G,0.23, || id:ieu-b-73,TRUE,reported,igd
2,45159091,0.0152707,0.00193782,3.30979e-15,526940,ieu-b-73,rs1004787,A,G,0.581, || id:ieu-b-73,TRUE,reported,igd
2,144225215,-0.0120123,0.00200483,2.07998e-09,532239,ieu-b-73,rs13024996,A,C,0.352, || id:ieu-b-73,TRUE,reported,igd
2,44271496,-0.0327862,0.00567307,7.58997e-09,474779,ieu-b-73,rs75120545,T,C,0.022, || id:ieu-b-73,TRUE,reported,igd
2,63269604,-0.0129688,0.00208202,4.71998e-10,532202,ieu-b-73,rs6739804,C,T,0.66, || id:ieu-b-73,TRUE,reported,igd
2,27730940,0.023812,0.00198433,3.32966e-33,532340,ieu-b-73,rs1260326,C,T,0.595, || id:ieu-b-73,TRUE,reported,igd
3,85403892,-0.0167274,0.00219076,2.23975e-14,530009,ieu-b-73,rs28732378,G,A,0.729, || id:ieu-b-73,TRUE,reported,igd
4,143654889,-0.0119016,0.00202921,4.49997e-09,536700,ieu-b-73,rs331939,A,G,0.339, || id:ieu-b-73,TRUE,reported,igd
4,100239319,0.188115,0.00617852,1e-200,514602,ieu-b-73,rs1229984,C,T,0.953, || id:ieu-b-73,TRUE,reported,igd
4,39413780,0.0283339,0.00197411,1.10002e-46,525616,ieu-b-73,rs28712821,A,G,0.594, || id:ieu-b-73,TRUE,reported,igd
4,42117559,0.018083,0.0029068,4.82003e-10,533501,ieu-b-73,rs16854020,A,G,0.127, || id:ieu-b-73,TRUE,reported,igd
4,100291120,0.0238944,0.00238944,1.35988e-23,516605,ieu-b-73,rs1302808,A,C,0.185, || id:ieu-b-73,TRUE,reported,igd
4,103188709,-0.0364548,0.00391286,1.22999e-20,528164,ieu-b-73,rs13107325,T,C,0.0654, || id:ieu-b-73,TRUE,reported,igd
5,155902003,0.0127314,0.0022684,1.98002e-08,529669,ieu-b-73,rs55872084,T,G,0.218, || id:ieu-b-73,TRUE,reported,igd
7,69783020,-0.0160517,0.00249471,1.24e-10,535056,ieu-b-73,rs10085696,G,A,0.201, || id:ieu-b-73,TRUE,reported,igd
7,103812171,-0.0105546,0.00193346,4.79999e-08,534249,ieu-b-73,rs2299409,A,G,0.493, || id:ieu-b-73,TRUE,reported,igd
7,153489725,0.0127063,0.00193545,5.19996e-11,509646,ieu-b-73,rs6969458,A,G,0.459, || id:ieu-b-73,TRUE,reported,igd
8,126500031,0.0112989,0.00195507,7.59994e-09,523035,ieu-b-73,rs28601761,G,C,0.405, || id:ieu-b-73,TRUE,reported,igd
9,108755622,0.0124767,0.002216,1.79999e-08,515956,ieu-b-73,rs55932213,G,A,0.701, || id:ieu-b-73,TRUE,reported,igd
11,27694241,-0.0137683,0.00250539,3.97e-08,532726,ieu-b-73,rs2049045,C,G,0.189, || id:ieu-b-73,TRUE,reported,igd
11,113412443,0.0147908,0.00208756,1.36994e-12,531063,ieu-b-73,rs4309187,C,A,0.697, || id:ieu-b-73,TRUE,reported,igd
11,116079170,0.0130275,0.00228869,1.28e-08,534293,ieu-b-73,rs7106546,T,G,0.755, || id:ieu-b-73,TRUE,reported,igd
11,47428565,-0.0145643,0.00207008,2.03002e-12,529379,ieu-b-73,rs4752999,T,C,0.321, || id:ieu-b-73,TRUE,reported,igd
11,121544285,0.0110068,0.00194575,1.52999e-08,532623,ieu-b-73,rs682011,C,T,0.567, || id:ieu-b-73,TRUE,reported,igd
11,113655696,0.0131418,0.00214605,8.96004e-10,533884,ieu-b-73,rs17542254,G,A,0.251, || id:ieu-b-73,TRUE,reported,igd
12,92081800,-0.010827,0.00198336,4.79005e-08,535067,ieu-b-73,rs1387766,A,G,0.622, || id:ieu-b-73,TRUE,reported,igd
14,58724208,-0.0122755,0.00213689,9.29994e-09,531848,ieu-b-73,rs6573197,T,C,0.726, || id:ieu-b-73,TRUE,reported,igd
14,57281154,-0.0121885,0.00205146,2.78003e-09,533853,ieu-b-73,rs962961,T,C,0.329, || id:ieu-b-73,TRUE,reported,igd
14,94844947,-0.0476809,0.00713966,2.39001e-11,528430,ieu-b-73,rs28929474,T,C,0.0154, || id:ieu-b-73,TRUE,reported,igd
16,73912503,-0.0150051,0.00244381,8.35007e-10,515422,ieu-b-73,rs11860773,C,T,0.176, || id:ieu-b-73,TRUE,reported,igd
16,85721809,0.014005,0.00214072,5.94019e-11,516946,ieu-b-73,rs13332432,G,C,0.296, || id:ieu-b-73,TRUE,reported,igd
16,24693048,-0.0240479,0.00408827,3.98997e-09,521221,ieu-b-73,rs72768626,G,A,0.0649, || id:ieu-b-73,TRUE,reported,igd
16,72338507,0.0188085,0.00315231,2.38002e-09,529527,ieu-b-73,rs79616692,C,G,0.11, || id:ieu-b-73,TRUE,reported,igd
16,28526897,-0.0136118,0.00195858,3.62994e-12,531637,ieu-b-73,rs153106,C,T,0.409, || id:ieu-b-73,TRUE,reported,igd
16,30042677,-0.0112752,0.00197174,1.06999e-08,527335,ieu-b-73,rs3814877,T,G,0.381, || id:ieu-b-73,TRUE,reported,igd
17,7733833,0.0110694,0.00195072,1.38998e-08,518183,ieu-b-73,rs34121753,G,A,0.532, || id:ieu-b-73,TRUE,reported,igd
17,44189858,-0.0210081,0.00238944,1.46994e-18,514949,ieu-b-73,rs76640332,A,G,0.204, || id:ieu-b-73,TRUE,reported,igd
19,49211969,0.0150976,0.00193147,5.49035e-15,531996,ieu-b-73,rs676388,C,T,0.494, || id:ieu-b-73,TRUE,reported,igd
20,25027630,0.0108994,0.00198336,3.80996e-08,520623,ieu-b-73,rs6106989,A,G,0.628, || id:ieu-b-73,TRUE,reported,igd
